

CREATE TABLE `outbound_records` (
  `id` int(11) NOT NULL AUTO_INCREMENT,
  `plan_id` int(11) NOT NULL,
  `user_id` int(11) NOT NULL,
  `outbound_quantity` int(11) NOT NULL,
  `remark` text COLLATE utf8mb4_unicode_ci,
  `outbound_date` timestamp NOT NULL DEFAULT CURRENT_TIMESTAMP,
  PRIMARY KEY (`id`),
  KEY `plan_id` (`plan_id`),
  KEY `user_id` (`user_id`),
  CONSTRAINT `outbound_records_ibfk_1` FOREIGN KEY (`plan_id`) REFERENCES `production_plans` (`id`) ON DELETE CASCADE,
  CONSTRAINT `outbound_records_ibfk_2` FOREIGN KEY (`user_id`) REFERENCES `users` (`id`) ON DELETE CASCADE
) ENGINE=InnoDB AUTO_INCREMENT=652 DEFAULT CHARSET=utf8mb4 COLLATE=utf8mb4_unicode_ci;

INSERT INTO outbound_records VALUES ('17','13','4','84','识别码008','2025-03-30 08:18:46');
INSERT INTO outbound_records VALUES ('18','13','4','84','识别码003','2025-03-30 08:28:58');
INSERT INTO outbound_records VALUES ('19','13','4','84','识别码','2025-03-30 08:29:11');
INSERT INTO outbound_records VALUES ('20','15','4','275','识别码015','2025-03-30 08:33:34');
INSERT INTO outbound_records VALUES ('21','15','4','275','识别码014','2025-03-30 08:42:00');
INSERT INTO outbound_records VALUES ('22','15','4','275','识别码','2025-03-30 08:43:52');
INSERT INTO outbound_records VALUES ('23','15','4','218','识别码','2025-03-30 08:44:01');
INSERT INTO outbound_records VALUES ('24','15','4','275','识别码021','2025-03-30 08:45:23');
INSERT INTO outbound_records VALUES ('25','15','4','275','识别码020','2025-03-30 08:48:26');
INSERT INTO outbound_records VALUES ('26','13','4','84','识别码','2025-03-30 08:57:04');
INSERT INTO outbound_records VALUES ('27','13','4','84','识别码','2025-03-30 09:02:22');
INSERT INTO outbound_records VALUES ('28','13','4','94','识别码001','2025-03-30 09:02:39');
INSERT INTO outbound_records VALUES ('29','13','4','84','识别码005','2025-03-30 09:06:02');
INSERT INTO outbound_records VALUES ('30','13','4','84','识别码004','2025-03-30 09:07:38');
INSERT INTO outbound_records VALUES ('31','13','4','84','识别码024','2025-03-30 09:13:56');
INSERT INTO outbound_records VALUES ('32','13','4','63','识别码','2025-03-30 09:14:54');
INSERT INTO outbound_records VALUES ('33','13','4','84','识别码032','2025-03-30 09:20:35');
INSERT INTO outbound_records VALUES ('34','13','4','63','识别码041','2025-03-30 09:22:08');
INSERT INTO outbound_records VALUES ('35','15','4','275','识别码017','2025-03-30 09:23:41');
INSERT INTO outbound_records VALUES ('36','15','4','275','识别码019','2025-03-30 09:25:35');
INSERT INTO outbound_records VALUES ('37','13','4','84','识别码035','2025-03-30 09:36:27');
INSERT INTO outbound_records VALUES ('38','13','4','84','识别码037','2025-03-30 09:38:15');
INSERT INTO outbound_records VALUES ('41','15','4','275','识别码018','2025-03-30 09:43:55');
INSERT INTO outbound_records VALUES ('42','13','4','84','识别码036','2025-03-30 09:51:09');
INSERT INTO outbound_records VALUES ('43','15','4','275','识别码','2025-03-30 09:56:03');
INSERT INTO outbound_records VALUES ('44','15','4','275','识别码024','2025-03-30 10:03:32');
INSERT INTO outbound_records VALUES ('45','13','4','84','识别码010','2025-03-30 10:11:19');
INSERT INTO outbound_records VALUES ('46','13','4','84','识别码006','2025-03-30 10:13:11');
INSERT INTO outbound_records VALUES ('47','13','4','84','识别码034','2025-03-30 10:26:58');
INSERT INTO outbound_records VALUES ('48','13','4','84','识别码042','2025-03-30 10:41:02');
INSERT INTO outbound_records VALUES ('49','13','4','84','识别码035','2025-03-30 10:44:27');
INSERT INTO outbound_records VALUES ('50','15','4','275','识别码005','2025-03-30 10:56:24');
INSERT INTO outbound_records VALUES ('51','13','4','84','识别码036','2025-03-30 11:24:50');
INSERT INTO outbound_records VALUES ('52','13','4','84','识别码040','2025-03-30 11:35:36');
INSERT INTO outbound_records VALUES ('53','13','4','84','识别码038','2025-03-30 11:38:40');
INSERT INTO outbound_records VALUES ('54','15','4','275','识别码003','2025-03-30 11:47:44');
INSERT INTO outbound_records VALUES ('55','15','4','275','识别码008','2025-03-30 11:49:07');
INSERT INTO outbound_records VALUES ('56','13','4','84','识别码041','2025-03-30 12:00:00');
INSERT INTO outbound_records VALUES ('57','13','4','84','识别码039','2025-03-30 12:03:02');
INSERT INTO outbound_records VALUES ('58','16','4','209','识别码','2025-03-30 12:24:43');
INSERT INTO outbound_records VALUES ('59','16','4','504','识别码','2025-03-30 12:24:56');
INSERT INTO outbound_records VALUES ('60','16','4','504','识别码006','2025-03-30 12:40:28');
INSERT INTO outbound_records VALUES ('61','16','4','504','识别码007','2025-03-30 12:42:23');
INSERT INTO outbound_records VALUES ('62','16','4','504','识别码005','2025-03-30 12:46:54');
INSERT INTO outbound_records VALUES ('63','15','4','275','识别码009','2025-03-30 12:51:11');
INSERT INTO outbound_records VALUES ('64','16','4','295','识别码','2025-03-30 13:09:03');
INSERT INTO outbound_records VALUES ('65','15','4','275','识别码010','2025-03-30 13:14:14');
INSERT INTO outbound_records VALUES ('66','12','4','504','识别码025','2025-03-30 14:36:54');
INSERT INTO outbound_records VALUES ('67','12','4','504','识别码024','2025-03-30 14:39:02');
INSERT INTO outbound_records VALUES ('68','12','4','197','识别码023','2025-03-30 14:47:11');
INSERT INTO outbound_records VALUES ('69','17','4','190','识别码','2025-03-30 14:50:18');
INSERT INTO outbound_records VALUES ('70','17','4','85','识别码','2025-03-30 15:02:52');
INSERT INTO outbound_records VALUES ('71','17','4','250','识别码','2025-03-30 15:09:58');
INSERT INTO outbound_records VALUES ('72','17','4','250','识别码002','2025-03-30 15:12:16');
INSERT INTO outbound_records VALUES ('73','17','4','270','识别码','2025-03-30 15:25:24');
INSERT INTO outbound_records VALUES ('74','18','4','3520','识别码','2025-03-30 16:27:12');
INSERT INTO outbound_records VALUES ('75','19','4','336','识别码','2025-03-30 17:11:23');
INSERT INTO outbound_records VALUES ('76','19','4','504','识别码008','2025-03-30 17:12:57');
INSERT INTO outbound_records VALUES ('77','18','4','3211','识别码','2025-03-30 17:51:24');
INSERT INTO outbound_records VALUES ('78','18','4','269','识别码','2025-03-30 17:57:36');
INSERT INTO outbound_records VALUES ('79','19','4','504','识别码007','2025-03-30 18:50:50');
INSERT INTO outbound_records VALUES ('80','19','4','504','识别码009','2025-03-30 18:53:15');
INSERT INTO outbound_records VALUES ('81','22','4','330','识别码053','2025-03-31 08:25:43');
INSERT INTO outbound_records VALUES ('82','22','4','330','识别码040','2025-03-31 08:27:42');
INSERT INTO outbound_records VALUES ('83','22','4','330','识别码044','2025-03-31 08:34:29');
INSERT INTO outbound_records VALUES ('84','23','4','275','识别码051','2025-03-31 08:47:25');
INSERT INTO outbound_records VALUES ('85','23','4','275','识别码053','2025-03-31 08:49:41');
INSERT INTO outbound_records VALUES ('86','20','4','504','识别码002','2025-03-31 09:31:37');
INSERT INTO outbound_records VALUES ('87','20','4','504','识别码026','2025-03-31 09:40:30');
INSERT INTO outbound_records VALUES ('88','20','4','504','识别码027','2025-03-31 09:58:25');
INSERT INTO outbound_records VALUES ('89','20','4','504','识别码021','2025-03-31 10:06:48');
INSERT INTO outbound_records VALUES ('90','20','4','504','识别码022','2025-03-31 10:09:14');
INSERT INTO outbound_records VALUES ('91','20','4','546','识别码040','2025-03-31 10:30:56');
INSERT INTO outbound_records VALUES ('92','23','4','275','识别码023','2025-03-31 12:44:53');
INSERT INTO outbound_records VALUES ('93','23','4','275','识别码024','2025-03-31 12:50:42');
INSERT INTO outbound_records VALUES ('94','23','4','275','识别码025','2025-03-31 12:52:29');
INSERT INTO outbound_records VALUES ('95','23','4','275','识别码021','2025-03-31 12:58:06');
INSERT INTO outbound_records VALUES ('96','23','4','275','识别码020','2025-03-31 12:59:46');
INSERT INTO outbound_records VALUES ('97','23','4','275','识别码019','2025-03-31 13:13:41');
INSERT INTO outbound_records VALUES ('98','23','4','275','识别码035','2025-03-31 13:15:25');
INSERT INTO outbound_records VALUES ('99','20','4','546','识别码050','2025-03-31 13:23:30');
INSERT INTO outbound_records VALUES ('100','20','4','504','识别码009','2025-03-31 13:25:12');
INSERT INTO outbound_records VALUES ('101','23','4','275','识别码034','2025-03-31 13:35:17');
INSERT INTO outbound_records VALUES ('102','23','4','275','识别码032','2025-03-31 13:37:28');
INSERT INTO outbound_records VALUES ('103','23','4','275','识别码031','2025-03-31 13:46:23');
INSERT INTO outbound_records VALUES ('104','23','4','275','识别码030','2025-03-31 13:48:18');
INSERT INTO outbound_records VALUES ('105','23','4','275','识别码029','2025-03-31 13:50:21');
INSERT INTO outbound_records VALUES ('106','23','4','275','识别码028','2025-03-31 14:03:15');
INSERT INTO outbound_records VALUES ('107','20','4','504','识别码008','2025-03-31 14:09:01');
INSERT INTO outbound_records VALUES ('108','22','4','330','识别码','2025-03-31 14:17:25');
INSERT INTO outbound_records VALUES ('109','23','4','275','识别码027','2025-03-31 14:20:51');
INSERT INTO outbound_records VALUES ('110','20','4','504','识别码010','2025-03-31 14:29:19');
INSERT INTO outbound_records VALUES ('111','20','4','504','识别码007','2025-03-31 14:29:35');
INSERT INTO outbound_records VALUES ('112','24','4','396','识别码006','2025-03-31 14:35:37');
INSERT INTO outbound_records VALUES ('113','23','4','275','识别码041','2025-03-31 14:41:36');
INSERT INTO outbound_records VALUES ('114','23','4','275','识别码042','2025-03-31 14:43:12');
INSERT INTO outbound_records VALUES ('115','23','4','275','识别码043','2025-03-31 14:50:31');
INSERT INTO outbound_records VALUES ('116','24','4','900','识别码004','2025-03-31 14:53:01');
INSERT INTO outbound_records VALUES ('117','23','4','275','识别码035','2025-03-31 14:58:48');
INSERT INTO outbound_records VALUES ('118','23','4','275','识别码032','2025-03-31 15:00:36');
INSERT INTO outbound_records VALUES ('119','23','4','275','识别码','2025-03-31 15:05:51');
INSERT INTO outbound_records VALUES ('120','23','4','275','识别码033','2025-03-31 15:06:53');
INSERT INTO outbound_records VALUES ('121','24','4','900','识别码005','2025-03-31 15:13:09');
INSERT INTO outbound_records VALUES ('122','23','4','275','识别码034','2025-03-31 15:18:49');
INSERT INTO outbound_records VALUES ('123','23','4','275','识别码031','2025-03-31 15:21:24');
INSERT INTO outbound_records VALUES ('124','23','4','252','识别码202','2025-03-31 15:30:46');
INSERT INTO outbound_records VALUES ('125','23','4','275','识别码036','2025-03-31 15:33:37');
INSERT INTO outbound_records VALUES ('126','23','4','275','识别码052','2025-03-31 15:37:27');
INSERT INTO outbound_records VALUES ('127','23','4','70','识别码','2025-03-31 15:39:17');
INSERT INTO outbound_records VALUES ('128','23','4','275','识别码172','2025-03-31 15:49:16');
INSERT INTO outbound_records VALUES ('129','23','4','275','识别码173','2025-03-31 15:51:38');
INSERT INTO outbound_records VALUES ('130','23','4','275','识别码174','2025-03-31 16:15:48');
INSERT INTO outbound_records VALUES ('131','23','4','275','识别码048','2025-03-31 16:17:38');
INSERT INTO outbound_records VALUES ('132','23','4','275','识别码044','2025-03-31 16:23:59');
INSERT INTO outbound_records VALUES ('133','23','4','275','识别码041','2025-03-31 16:26:17');
INSERT INTO outbound_records VALUES ('134','23','4','275','识别码017','2025-03-31 16:36:03');
INSERT INTO outbound_records VALUES ('135','23','4','275','识别码043','2025-03-31 16:38:18');
INSERT INTO outbound_records VALUES ('137','25','4','1873','识别码002','2025-03-31 16:54:18');
INSERT INTO outbound_records VALUES ('138','25','4','1100','识别码','2025-03-31 17:08:15');
INSERT INTO outbound_records VALUES ('139','26','4','672','识别码003','2025-03-31 18:02:20');
INSERT INTO outbound_records VALUES ('140','26','4','672','识别码004','2025-03-31 18:04:24');
INSERT INTO outbound_records VALUES ('141','26','4','672','识别码005','2025-03-31 18:09:02');
INSERT INTO outbound_records VALUES ('142','26','4','672','识别码004','2025-03-31 18:17:45');
INSERT INTO outbound_records VALUES ('143','26','4','672','识别码003','2025-03-31 18:19:53');
INSERT INTO outbound_records VALUES ('144','26','4','672','识别码002','2025-03-31 18:24:54');
INSERT INTO outbound_records VALUES ('145','25','4','2000','识别码004','2025-03-31 18:34:57');
INSERT INTO outbound_records VALUES ('146','27','4','672','识别码001','2025-04-01 07:38:03');
INSERT INTO outbound_records VALUES ('147','27','4','672','识别码011','2025-04-01 07:39:56');
INSERT INTO outbound_records VALUES ('148','27','4','672','识别码010','2025-04-01 07:54:02');
INSERT INTO outbound_records VALUES ('149','28','4','2000','识别码003','2025-04-01 08:11:30');
INSERT INTO outbound_records VALUES ('150','27','4','672','识别码016','2025-04-01 08:17:37');
INSERT INTO outbound_records VALUES ('151','27','4','117','识别码','2025-04-01 08:28:23');
INSERT INTO outbound_records VALUES ('152','27','4','672','识别码023','2025-04-01 08:31:51');
INSERT INTO outbound_records VALUES ('153','27','4','99','识别码','2025-04-01 08:33:48');
INSERT INTO outbound_records VALUES ('154','28','4','2400','识别码147','2025-04-01 08:54:13');
INSERT INTO outbound_records VALUES ('155','28','4','577','识别码001','2025-04-01 09:28:11');
INSERT INTO outbound_records VALUES ('156','28','4','400','识别码313','2025-04-01 09:35:36');
INSERT INTO outbound_records VALUES ('157','29','4','275','识别码016','2025-04-01 09:43:10');
INSERT INTO outbound_records VALUES ('158','29','4','271','识别码184','2025-04-01 09:45:09');
INSERT INTO outbound_records VALUES ('159','29','4','272','识别码183','2025-04-01 10:02:19');
INSERT INTO outbound_records VALUES ('160','30','4','35','识别码','2025-04-01 10:19:35');
INSERT INTO outbound_records VALUES ('161','30','4','214','识别码','2025-04-01 10:21:38');
INSERT INTO outbound_records VALUES ('162','30','4','540','识别码001','2025-04-01 10:31:59');
INSERT INTO outbound_records VALUES ('163','30','4','504','识别码002','2025-04-01 10:34:24');
INSERT INTO outbound_records VALUES ('164','30','4','89','识别码','2025-04-01 10:52:36');
INSERT INTO outbound_records VALUES ('165','29','4','168','识别码180','2025-04-01 11:42:44');
INSERT INTO outbound_records VALUES ('166','29','4','275','识别码005','2025-04-01 11:45:14');
INSERT INTO outbound_records VALUES ('167','31','4','504','识别码002','2025-04-01 12:41:30');
INSERT INTO outbound_records VALUES ('168','31','4','504','识别码001','2025-04-01 12:44:43');
INSERT INTO outbound_records VALUES ('169','31','4','504','识别码004','2025-04-01 13:00:57');
INSERT INTO outbound_records VALUES ('170','29','4','275','识别码004','2025-04-01 13:04:19');
INSERT INTO outbound_records VALUES ('171','29','4','275','识别码006','2025-04-01 13:26:03');
INSERT INTO outbound_records VALUES ('172','29','4','275','识别码007','2025-04-01 13:28:09');
INSERT INTO outbound_records VALUES ('173','29','4','275','识别码008','2025-04-01 13:36:14');
INSERT INTO outbound_records VALUES ('174','29','4','275','识别码003','2025-04-01 13:38:45');
INSERT INTO outbound_records VALUES ('175','31','4','472','识别码005','2025-04-01 13:47:33');
INSERT INTO outbound_records VALUES ('176','31','4','248','识别码','2025-04-01 13:56:04');
INSERT INTO outbound_records VALUES ('177','29','4','206','识别码047','2025-04-01 14:16:10');
INSERT INTO outbound_records VALUES ('178','29','4','275','识别码040','2025-04-01 14:18:46');
INSERT INTO outbound_records VALUES ('179','29','4','275','识别码018','2025-04-01 14:31:54');
INSERT INTO outbound_records VALUES ('180','29','4','275','识别码037','2025-04-01 14:51:10');
INSERT INTO outbound_records VALUES ('181','29','4','275','识别码014','2025-04-01 15:15:56');
INSERT INTO outbound_records VALUES ('182','29','4','275','识别码001','2025-04-01 15:18:09');
INSERT INTO outbound_records VALUES ('183','29','4','43','识别码066','2025-04-01 15:35:55');
INSERT INTO outbound_records VALUES ('184','29','4','275','识别码065','2025-04-01 15:44:41');
INSERT INTO outbound_records VALUES ('185','29','4','275','识别码','2025-04-01 15:52:55');
INSERT INTO outbound_records VALUES ('186','32','4','5528','识别码','2025-04-01 16:13:19');
INSERT INTO outbound_records VALUES ('187','33','4','454','识别码012','2025-04-01 16:25:53');
INSERT INTO outbound_records VALUES ('188','33','4','504','识别码005','2025-04-01 16:29:04');
INSERT INTO outbound_records VALUES ('189','33','4','504','识别码006','2025-04-01 16:35:01');
INSERT INTO outbound_records VALUES ('190','34','4','1051','识别码','2025-04-01 16:50:43');
INSERT INTO outbound_records VALUES ('191','33','4','504','识别码009','2025-04-01 17:16:05');
INSERT INTO outbound_records VALUES ('192','34','4','1040','识别码001','2025-04-01 17:37:34');
INSERT INTO outbound_records VALUES ('193','33','4','504','识别码022','2025-04-01 18:03:31');
INSERT INTO outbound_records VALUES ('194','33','4','504','识别码008','2025-04-01 18:05:51');
INSERT INTO outbound_records VALUES ('195','33','4','504','识别码007','2025-04-01 18:13:14');
INSERT INTO outbound_records VALUES ('196','33','4','504','识别码010','2025-04-01 18:15:17');
INSERT INTO outbound_records VALUES ('197','33','4','18','识别码','2025-04-01 18:20:21');
INSERT INTO outbound_records VALUES ('202','36','4','330','识别码005','2025-04-02 07:52:48');
INSERT INTO outbound_records VALUES ('203','36','4','330','识别码006','2025-04-02 07:54:37');
INSERT INTO outbound_records VALUES ('204','35','4','300','识别码','2025-04-02 08:11:35');
INSERT INTO outbound_records VALUES ('205','38','4','330','识别码033','2025-04-02 08:20:58');
INSERT INTO outbound_records VALUES ('206','38','4','330','识别码035','2025-04-02 08:22:47');
INSERT INTO outbound_records VALUES ('207','35','4','300','识别码009','2025-04-02 08:32:45');
INSERT INTO outbound_records VALUES ('208','35','4','300','识别码','2025-04-02 08:43:06');
INSERT INTO outbound_records VALUES ('209','39','4','504','识别码011','2025-04-02 09:04:15');
INSERT INTO outbound_records VALUES ('210','39','4','504','识别码012','2025-04-02 09:05:54');
INSERT INTO outbound_records VALUES ('211','40','4','300','识别码','2025-04-02 09:34:31');
INSERT INTO outbound_records VALUES ('212','40','4','235','识别码','2025-04-02 09:34:42');
INSERT INTO outbound_records VALUES ('213','41','4','504','识别码','2025-04-02 09:49:10');
INSERT INTO outbound_records VALUES ('214','41','4','504','识别码','2025-04-02 09:51:37');
INSERT INTO outbound_records VALUES ('215','41','4','504','识别码','2025-04-02 09:51:44');
INSERT INTO outbound_records VALUES ('216','41','4','504','识别码','2025-04-02 09:51:49');
INSERT INTO outbound_records VALUES ('217','36','4','330','识别码007','2025-04-02 09:57:28');
INSERT INTO outbound_records VALUES ('218','36','4','330','识别码008','2025-04-02 10:00:21');
INSERT INTO outbound_records VALUES ('219','41','4','504','识别码','2025-04-02 10:08:10');
INSERT INTO outbound_records VALUES ('220','36','4','330','识别码009','2025-04-02 10:11:40');
INSERT INTO outbound_records VALUES ('221','36','4','330','识别码010','2025-04-02 10:13:50');
INSERT INTO outbound_records VALUES ('222','37','4','2560','识别码','2025-04-02 10:24:36');
INSERT INTO outbound_records VALUES ('224','36','4','330','识别码004','2025-04-02 10:28:59');
INSERT INTO outbound_records VALUES ('225','36','4','330','识别码002','2025-04-02 10:37:21');
INSERT INTO outbound_records VALUES ('226','36','4','338','识别码','2025-04-02 10:48:48');
INSERT INTO outbound_records VALUES ('227','36','4','22','识别码','2025-04-02 10:51:07');
INSERT INTO outbound_records VALUES ('229','39','4','195','识别码','2025-04-02 11:57:08');
INSERT INTO outbound_records VALUES ('231','38','4','330','识别码034','2025-04-02 12:23:28');
INSERT INTO outbound_records VALUES ('232','42','4','669','识别码002','2025-04-02 12:43:47');
INSERT INTO outbound_records VALUES ('233','42','4','630','识别码','2025-04-02 12:52:53');
INSERT INTO outbound_records VALUES ('234','43','4','672','识别码002','2025-04-02 13:06:00');
INSERT INTO outbound_records VALUES ('235','43','4','207','识别码','2025-04-02 13:07:38');
INSERT INTO outbound_records VALUES ('236','43','4','672','识别码003','2025-04-02 14:02:40');
INSERT INTO outbound_records VALUES ('237','43','4','209','识别码','2025-04-02 14:06:51');
INSERT INTO outbound_records VALUES ('238','44','4','450','识别码027','2025-04-02 14:21:57');
INSERT INTO outbound_records VALUES ('239','44','4','450','识别码028','2025-04-02 14:23:50');
INSERT INTO outbound_records VALUES ('240','44','4','450','识别码031','2025-04-02 14:37:52');
INSERT INTO outbound_records VALUES ('241','44','4','450','识别码029','2025-04-02 14:39:48');
INSERT INTO outbound_records VALUES ('242','44','4','450','识别码030','2025-04-02 14:51:11');
INSERT INTO outbound_records VALUES ('243','44','4','450','识别码033','2025-04-02 14:59:05');
INSERT INTO outbound_records VALUES ('244','44','4','450','识别码036','2025-04-02 15:13:15');
INSERT INTO outbound_records VALUES ('245','44','4','255','识别码','2025-04-02 15:15:12');
INSERT INTO outbound_records VALUES ('246','44','4','450','识别码002','2025-04-02 15:26:51');
INSERT INTO outbound_records VALUES ('247','44','4','450','识别码001','2025-04-02 15:28:51');
INSERT INTO outbound_records VALUES ('248','45','4','504','识别码','2025-04-02 15:41:33');
INSERT INTO outbound_records VALUES ('249','45','4','504','识别码006','2025-04-02 15:41:50');
INSERT INTO outbound_records VALUES ('250','45','4','504','识别码009','2025-04-02 15:42:04');
INSERT INTO outbound_records VALUES ('251','44','4','82','识别码','2025-04-02 15:55:08');
INSERT INTO outbound_records VALUES ('252','44','4','450','识别码001','2025-04-02 15:58:18');
INSERT INTO outbound_records VALUES ('253','44','4','450','识别码024','2025-04-02 16:04:48');
INSERT INTO outbound_records VALUES ('254','44','4','450','识别码005','2025-04-02 16:07:27');
INSERT INTO outbound_records VALUES ('255','45','4','504','识别码004','2025-04-02 16:14:49');
INSERT INTO outbound_records VALUES ('256','45','4','504','识别码005','2025-04-02 16:16:03');
INSERT INTO outbound_records VALUES ('257','45','4','504','识别码011','2025-04-02 16:36:01');
INSERT INTO outbound_records VALUES ('258','45','4','504','识别码','2025-04-02 16:37:54');
INSERT INTO outbound_records VALUES ('259','45','4','504','识别码','2025-04-02 16:50:04');
INSERT INTO outbound_records VALUES ('260','46','4','504','识别码020','2025-04-02 18:28:18');
INSERT INTO outbound_records VALUES ('261','46','4','504','识别码018','2025-04-02 18:30:13');
INSERT INTO outbound_records VALUES ('262','46','4','504','识别码019','2025-04-02 18:35:26');
INSERT INTO outbound_records VALUES ('263','46','4','504','识别码013','2025-04-02 18:37:18');
INSERT INTO outbound_records VALUES ('264','46','4','10','识别码10','2025-04-02 23:09:38');
INSERT INTO outbound_records VALUES ('265','19','4','2','识别码010','2025-04-03 20:10:42');
INSERT INTO outbound_records VALUES ('266','47','4','330','识别码002','2025-04-06 07:36:32');
INSERT INTO outbound_records VALUES ('267','47','4','330','识别码003','2025-04-06 07:38:45');
INSERT INTO outbound_records VALUES ('268','47','4','330','识别码008','2025-04-06 07:49:48');
INSERT INTO outbound_records VALUES ('269','47','4','330','识别码005','2025-04-06 08:01:59');
INSERT INTO outbound_records VALUES ('270','47','4','330','识别码','2025-04-06 08:11:17');
INSERT INTO outbound_records VALUES ('271','47','4','330','识别码007','2025-04-06 08:18:34');
INSERT INTO outbound_records VALUES ('272','47','4','330','识别码004','2025-04-06 08:29:53');
INSERT INTO outbound_records VALUES ('273','47','4','330','识别码010','2025-04-06 08:32:28');
INSERT INTO outbound_records VALUES ('274','47','4','330','识别码006','2025-04-06 08:41:49');
INSERT INTO outbound_records VALUES ('275','47','4','330','识别码013','2025-04-06 08:44:33');
INSERT INTO outbound_records VALUES ('276','47','4','330','识别码014','2025-04-06 09:05:06');
INSERT INTO outbound_records VALUES ('277','47','4','330','识别码','2025-04-06 09:11:41');
INSERT INTO outbound_records VALUES ('278','48','4','504','识别码','2025-04-06 09:19:24');
INSERT INTO outbound_records VALUES ('279','48','4','500','识别码','2025-04-06 09:19:31');
INSERT INTO outbound_records VALUES ('281','49','4','280','识别码006','2025-04-06 09:40:54');
INSERT INTO outbound_records VALUES ('282','49','4','224','识别码007','2025-04-06 09:42:34');
INSERT INTO outbound_records VALUES ('284','50','4','546','识别码007','2025-04-06 09:59:50');
INSERT INTO outbound_records VALUES ('285','50','4','504','识别码005','2025-04-06 10:01:38');
INSERT INTO outbound_records VALUES ('286','47','4','330','识别码','2025-04-06 10:13:50');
INSERT INTO outbound_records VALUES ('287','50','4','504','识别码002','2025-04-06 10:16:10');
INSERT INTO outbound_records VALUES ('288','50','4','504','识别码006','2025-04-06 10:18:07');
INSERT INTO outbound_records VALUES ('289','49','4','280','识别码011','2025-04-06 10:26:07');
INSERT INTO outbound_records VALUES ('290','50','4','504','识别码001','2025-04-06 10:35:41');
INSERT INTO outbound_records VALUES ('291','50','4','73','识别码','2025-04-06 10:36:53');
INSERT INTO outbound_records VALUES ('292','50','4','504','识别码010','2025-04-06 11:27:47');
INSERT INTO outbound_records VALUES ('293','50','4','504','识别码011','2025-04-06 11:34:53');
INSERT INTO outbound_records VALUES ('294','50','4','504','识别码','2025-04-06 12:26:57');
INSERT INTO outbound_records VALUES ('295','50','4','371','识别码','2025-04-06 12:28:48');
INSERT INTO outbound_records VALUES ('296','50','4','68','识别码','2025-04-06 12:33:11');
INSERT INTO outbound_records VALUES ('297','49','4','240','识别码013','2025-04-06 12:39:53');
INSERT INTO outbound_records VALUES ('298','51','4','1090','识别码001','2025-04-06 12:40:34');
INSERT INTO outbound_records VALUES ('299','50','4','446','识别码','2025-04-06 15:15:24');
INSERT INTO outbound_records VALUES ('300','50','4','504','识别码012','2025-04-06 15:25:50');
INSERT INTO outbound_records VALUES ('301','50','4','355','识别码015','2025-04-06 15:29:57');
INSERT INTO outbound_records VALUES ('302','50','4','504','识别码016','2025-04-06 15:32:35');
INSERT INTO outbound_records VALUES ('303','49','4','280','识别码012','2025-04-06 15:48:05');
INSERT INTO outbound_records VALUES ('304','49','4','280','识别码013','2025-04-06 15:50:12');
INSERT INTO outbound_records VALUES ('305','52','4','504','识别码007','2025-04-06 16:04:40');
INSERT INTO outbound_records VALUES ('306','52','4','504','识别码008','2025-04-06 16:06:58');
INSERT INTO outbound_records VALUES ('307','49','4','280','识别码015','2025-04-06 16:13:41');
INSERT INTO outbound_records VALUES ('308','49','4','280','识别码014','2025-04-06 16:15:38');
INSERT INTO outbound_records VALUES ('309','52','4','504','识别码001','2025-04-06 16:31:40');
INSERT INTO outbound_records VALUES ('310','52','4','504','识别码004','2025-04-06 16:34:36');
INSERT INTO outbound_records VALUES ('314','53','4','2000','识别码001','2025-04-06 17:31:28');
INSERT INTO outbound_records VALUES ('315','54','4','504','识别码002','2025-04-06 18:25:33');
INSERT INTO outbound_records VALUES ('316','54','4','504','识别码003','2025-04-06 18:28:29');
INSERT INTO outbound_records VALUES ('317','54','4','504','识别码004','2025-04-06 18:53:29');
INSERT INTO outbound_records VALUES ('318','54','4','504','识别码001','2025-04-06 19:20:22');
INSERT INTO outbound_records VALUES ('319','54','4','504','识别码005','2025-04-06 19:22:23');
INSERT INTO outbound_records VALUES ('320','49','4','60','识别码','2025-04-06 19:51:23');
INSERT INTO outbound_records VALUES ('321','55','4','504','识别码021','2025-04-07 07:40:48');
INSERT INTO outbound_records VALUES ('322','55','4','504','识别码007','2025-04-07 07:40:56');
INSERT INTO outbound_records VALUES ('323','56','4','385','识别码011','2025-04-07 07:53:23');
INSERT INTO outbound_records VALUES ('324','56','4','385','识别码010','2025-04-07 07:56:23');
INSERT INTO outbound_records VALUES ('325','55','4','504','识别码024','2025-04-07 08:02:36');
INSERT INTO outbound_records VALUES ('326','55','4','504','识别码009','2025-04-07 08:04:11');
INSERT INTO outbound_records VALUES ('327','56','4','385','识别码001','2025-04-07 08:10:38');
INSERT INTO outbound_records VALUES ('328','56','4','385','识别码002','2025-04-07 08:12:26');
INSERT INTO outbound_records VALUES ('329','55','4','504','识别码008','2025-04-07 08:22:59');
INSERT INTO outbound_records VALUES ('331','56','4','385','识别码010','2025-04-07 08:34:00');
INSERT INTO outbound_records VALUES ('332','56','4','385','识别码005','2025-04-07 08:37:58');
INSERT INTO outbound_records VALUES ('333','55','4','504','识别码011','2025-04-07 08:47:10');
INSERT INTO outbound_records VALUES ('334','55','4','504','识别码023','2025-04-07 08:49:53');
INSERT INTO outbound_records VALUES ('335','56','4','385','识别码003','2025-04-07 09:06:54');
INSERT INTO outbound_records VALUES ('336','56','4','385','识别码004','2025-04-07 09:08:28');
INSERT INTO outbound_records VALUES ('337','55','4','504','识别码017','2025-04-07 09:33:42');
INSERT INTO outbound_records VALUES ('338','57','4','2988','识别码','2025-04-07 09:43:35');
INSERT INTO outbound_records VALUES ('339','58','4','224','识别码','2025-04-07 10:00:58');
INSERT INTO outbound_records VALUES ('340','58','4','280','识别码006','2025-04-07 10:03:23');
INSERT INTO outbound_records VALUES ('341','58','4','164','识别码','2025-04-07 10:08:42');
INSERT INTO outbound_records VALUES ('342','58','4','125','识别码','2025-04-07 10:10:04');
INSERT INTO outbound_records VALUES ('343','58','4','478','识别码015','2025-04-07 10:18:46');
INSERT INTO outbound_records VALUES ('344','58','4','280','识别码005','2025-04-07 10:20:39');
INSERT INTO outbound_records VALUES ('345','56','4','385','识别码','2025-04-07 10:58:36');
INSERT INTO outbound_records VALUES ('346','58','4','280','识别码005','2025-04-07 11:02:05');
INSERT INTO outbound_records VALUES ('347','58','4','280','识别码002','2025-04-07 11:37:26');
INSERT INTO outbound_records VALUES ('348','58','4','228','识别码019','2025-04-07 11:50:03');
INSERT INTO outbound_records VALUES ('349','58','4','280','识别码003','2025-04-07 12:35:18');
INSERT INTO outbound_records VALUES ('350','58','4','280','识别码001','2025-04-07 12:37:30');
INSERT INTO outbound_records VALUES ('351','59','4','5068','识别码','2025-04-07 12:44:07');
INSERT INTO outbound_records VALUES ('352','58','4','200','识别码015','2025-04-07 12:49:22');
INSERT INTO outbound_records VALUES ('353','60','4','599','识别码001','2025-04-07 13:15:02');
INSERT INTO outbound_records VALUES ('354','61','4','291','识别码019','2025-04-07 13:25:15');
INSERT INTO outbound_records VALUES ('355','61','4','298','识别码017','2025-04-07 13:27:35');
INSERT INTO outbound_records VALUES ('356','61','4','228','识别码016','2025-04-07 13:34:58');
INSERT INTO outbound_records VALUES ('357','61','4','330','识别码017','2025-04-07 13:37:03');
INSERT INTO outbound_records VALUES ('358','60','4','882','识别码010','2025-04-07 13:45:11');
INSERT INTO outbound_records VALUES ('359','60','4','1008','识别码011','2025-04-07 13:47:54');
INSERT INTO outbound_records VALUES ('360','60','4','821','识别码012','2025-04-07 13:56:59');
INSERT INTO outbound_records VALUES ('361','61','4','330','识别码011','2025-04-07 14:19:56');
INSERT INTO outbound_records VALUES ('362','61','4','330','识别码024','2025-04-07 14:21:47');
INSERT INTO outbound_records VALUES ('363','61','4','330','识别码021','2025-04-07 15:39:19');
INSERT INTO outbound_records VALUES ('364','61','4','330','识别码018','2025-04-07 15:42:11');
INSERT INTO outbound_records VALUES ('365','61','4','330','识别码022','2025-04-07 16:34:35');
INSERT INTO outbound_records VALUES ('366','61','4','330','识别码023','2025-04-07 16:36:28');
INSERT INTO outbound_records VALUES ('367','61','4','330','识别码012','2025-04-07 17:04:48');
INSERT INTO outbound_records VALUES ('368','61','4','43','识别码','2025-04-07 17:20:19');
INSERT INTO outbound_records VALUES ('370','62','4','3000','识别码','2025-04-07 18:21:12');
INSERT INTO outbound_records VALUES ('371','63','4','160','识别码008','2025-04-07 18:35:00');
INSERT INTO outbound_records VALUES ('372','63','4','160','识别码010','2025-04-07 18:36:47');
INSERT INTO outbound_records VALUES ('373','63','4','160','识别码007','2025-04-07 19:03:33');
INSERT INTO outbound_records VALUES ('374','63','4','160','识别码009','2025-04-07 19:05:32');
INSERT INTO outbound_records VALUES ('375','64','4','330','识别码','2025-04-08 07:28:11');
INSERT INTO outbound_records VALUES ('376','64','4','300','识别码','2025-04-08 07:37:14');
INSERT INTO outbound_records VALUES ('377','64','4','264','识别码','2025-04-08 07:48:42');
INSERT INTO outbound_records VALUES ('378','64','4','51','识别码','2025-04-08 07:55:18');
INSERT INTO outbound_records VALUES ('380','66','4','504','识别码017','2025-04-08 08:55:21');
INSERT INTO outbound_records VALUES ('381','66','4','504','识别码016','2025-04-08 08:57:03');
INSERT INTO outbound_records VALUES ('382','66','4','504','识别码015','2025-04-08 09:18:38');
INSERT INTO outbound_records VALUES ('383','65','4','4080','识别码','2025-04-08 09:29:06');
INSERT INTO outbound_records VALUES ('384','67','4','330','识别码035','2025-04-08 09:41:58');
INSERT INTO outbound_records VALUES ('385','67','4','330','识别码019','2025-04-08 09:44:17');
INSERT INTO outbound_records VALUES ('387','66','4','504','识别码013','2025-04-08 09:51:04');
INSERT INTO outbound_records VALUES ('388','66','4','504','识别码014','2025-04-08 09:52:37');
INSERT INTO outbound_records VALUES ('389','67','4','330','识别码020','2025-04-08 10:00:16');
INSERT INTO outbound_records VALUES ('390','67','4','330','识别码016','2025-04-08 10:03:47');
INSERT INTO outbound_records VALUES ('391','66','4','504','识别码009','2025-04-08 10:13:43');
INSERT INTO outbound_records VALUES ('392','66','4','387','识别码返打','2025-04-08 10:23:37');
INSERT INTO outbound_records VALUES ('393','67','4','330','识别码023','2025-04-08 10:33:20');
INSERT INTO outbound_records VALUES ('394','68','4','300','识别码008','2025-04-08 11:56:02');
INSERT INTO outbound_records VALUES ('395','67','4','330','识别码022','2025-04-08 12:09:09');
INSERT INTO outbound_records VALUES ('396','67','4','330','识别码021','2025-04-08 12:11:25');
INSERT INTO outbound_records VALUES ('397','67','4','330','识别码025','2025-04-08 12:30:29');
INSERT INTO outbound_records VALUES ('398','68','4','300','识别码007','2025-04-08 13:26:23');
INSERT INTO outbound_records VALUES ('399','68','4','300','识别码006','2025-04-08 13:57:32');
INSERT INTO outbound_records VALUES ('400','68','4','223','识别码绿标','2025-04-08 14:17:12');
INSERT INTO outbound_records VALUES ('401','68','4','330','识别码009','2025-04-08 14:33:12');
INSERT INTO outbound_records VALUES ('402','69','4','469','识别码','2025-04-08 14:40:46');
INSERT INTO outbound_records VALUES ('403','70','4','819','识别码009','2025-04-08 16:23:34');
INSERT INTO outbound_records VALUES ('404','70','4','819','识别码010','2025-04-08 16:26:05');
INSERT INTO outbound_records VALUES ('405','70','4','569','识别码007','2025-04-08 16:38:51');
INSERT INTO outbound_records VALUES ('406','70','4','784','识别码003','2025-04-08 16:41:09');
INSERT INTO outbound_records VALUES ('407','70','4','784','识别码019吴','2025-04-08 16:44:27');
INSERT INTO outbound_records VALUES ('408','70','4','784','识别码002','2025-04-08 16:55:45');
INSERT INTO outbound_records VALUES ('409','70','4','784','识别码004','2025-04-08 16:57:28');
INSERT INTO outbound_records VALUES ('410','70','4','784','识别码005','2025-04-08 17:28:15');
INSERT INTO outbound_records VALUES ('411','70','4','784','识别码006','2025-04-08 17:30:08');
INSERT INTO outbound_records VALUES ('412','71','4','2100','识别码002','2025-04-08 18:07:04');
INSERT INTO outbound_records VALUES ('413','72','4','5194','识别码','2025-04-09 07:42:04');
INSERT INTO outbound_records VALUES ('414','73','4','41','识别码','2025-04-09 08:02:27');
INSERT INTO outbound_records VALUES ('415','74','4','1918','识别码003','2025-04-09 08:06:33');
INSERT INTO outbound_records VALUES ('416','75','4','181','识别码','2025-04-09 08:38:13');
INSERT INTO outbound_records VALUES ('417','74','4','636','识别码001','2025-04-09 08:49:46');
INSERT INTO outbound_records VALUES ('418','74','4','192','识别码','2025-04-09 09:02:41');
INSERT INTO outbound_records VALUES ('419','76','4','800','识别码','2025-04-09 09:57:40');
INSERT INTO outbound_records VALUES ('420','76','4','476','识别码','2025-04-09 09:57:56');
INSERT INTO outbound_records VALUES ('421','77','4','63','识别码','2025-04-09 10:16:09');
INSERT INTO outbound_records VALUES ('422','77','4','210','识别码','2025-04-09 10:17:22');
INSERT INTO outbound_records VALUES ('423','77','4','159','识别码','2025-04-09 10:27:26');
INSERT INTO outbound_records VALUES ('424','77','4','19','识别码','2025-04-09 10:35:49');
INSERT INTO outbound_records VALUES ('425','78','4','300','识别码014','2025-04-09 10:50:03');
INSERT INTO outbound_records VALUES ('426','78','4','300','识别码017','2025-04-09 10:51:50');
INSERT INTO outbound_records VALUES ('427','79','4','385','识别码','2025-04-09 11:52:46');
INSERT INTO outbound_records VALUES ('428','80','4','330','识别码021','2025-04-09 12:01:48');
INSERT INTO outbound_records VALUES ('429','80','4','330','识别码020','2025-04-09 12:03:51');
INSERT INTO outbound_records VALUES ('430','80','4','330','识别码019','2025-04-09 12:25:52');
INSERT INTO outbound_records VALUES ('431','80','4','330','识别码018','2025-04-09 12:27:44');
INSERT INTO outbound_records VALUES ('432','78','4','300','识别码016','2025-04-09 12:37:47');
INSERT INTO outbound_records VALUES ('433','78','4','300','识别码019','2025-04-09 12:39:38');
INSERT INTO outbound_records VALUES ('434','80','4','287','识别码013','2025-04-09 12:48:55');
INSERT INTO outbound_records VALUES ('435','80','4','330','识别码017','2025-04-09 12:50:53');
INSERT INTO outbound_records VALUES ('436','80','4','330','识别码014','2025-04-09 12:59:34');
INSERT INTO outbound_records VALUES ('437','80','4','330','识别码015','2025-04-09 13:01:52');
INSERT INTO outbound_records VALUES ('438','80','4','330','识别码018','2025-04-09 13:53:30');
INSERT INTO outbound_records VALUES ('439','80','4','229','识别码','2025-04-09 14:05:18');
INSERT INTO outbound_records VALUES ('440','78','4','300','识别码018','2025-04-09 14:08:24');
INSERT INTO outbound_records VALUES ('441','78','4','112','识别码001','2025-04-09 14:22:09');
INSERT INTO outbound_records VALUES ('442','78','4','192','识别码011','2025-04-09 14:23:51');
INSERT INTO outbound_records VALUES ('443','78','4','300','识别码012','2025-04-09 14:45:27');
INSERT INTO outbound_records VALUES ('444','78','4','300','识别码015','2025-04-09 14:47:32');
INSERT INTO outbound_records VALUES ('445','78','4','300','识别码013','2025-04-09 15:06:21');
INSERT INTO outbound_records VALUES ('446','81','4','330','识别码006','2025-04-09 15:09:59');
INSERT INTO outbound_records VALUES ('447','81','4','330','识别码001','2025-04-09 15:12:01');
INSERT INTO outbound_records VALUES ('448','81','4','330','识别码005','2025-04-09 15:33:37');
INSERT INTO outbound_records VALUES ('449','81','4','330','识别码004','2025-04-09 15:35:12');
INSERT INTO outbound_records VALUES ('450','81','4','330','识别码023','2025-04-09 15:46:20');
INSERT INTO outbound_records VALUES ('451','81','4','330','识别码022','2025-04-09 15:47:31');
INSERT INTO outbound_records VALUES ('452','82','4','300','识别码009','2025-04-09 16:07:35');
INSERT INTO outbound_records VALUES ('453','81','4','20','识别码','2025-04-09 16:19:09');
INSERT INTO outbound_records VALUES ('454','82','4','300','识别码010','2025-04-09 16:23:07');
INSERT INTO outbound_records VALUES ('455','82','4','300','识别码002','2025-04-09 16:27:47');
INSERT INTO outbound_records VALUES ('456','82','4','300','识别码003','2025-04-09 16:38:05');
INSERT INTO outbound_records VALUES ('457','82','4','300','识别码004','2025-04-09 16:49:41');
INSERT INTO outbound_records VALUES ('458','82','4','300','识别码008','2025-04-09 17:00:03');
INSERT INTO outbound_records VALUES ('459','82','4','300','识别码005','2025-04-09 17:10:53');
INSERT INTO outbound_records VALUES ('460','82','4','150','识别码','2025-04-09 17:17:53');
INSERT INTO outbound_records VALUES ('461','83','4','330','识别码022','2025-04-09 17:24:33');
INSERT INTO outbound_records VALUES ('462','83','4','330','识别码021','2025-04-09 17:27:17');
INSERT INTO outbound_records VALUES ('463','83','4','330','识别码020','2025-04-09 17:36:50');
INSERT INTO outbound_records VALUES ('464','83','4','330','识别码024','2025-04-09 17:38:56');
INSERT INTO outbound_records VALUES ('465','83','4','330','识别码019','2025-04-09 17:51:17');
INSERT INTO outbound_records VALUES ('466','84','4','100','识别码038','2025-04-09 17:54:07');
INSERT INTO outbound_records VALUES ('467','83','4','330','识别码014','2025-04-09 18:03:03');
INSERT INTO outbound_records VALUES ('469','83','4','330','识别码039','2025-04-09 18:11:51');
INSERT INTO outbound_records VALUES ('470','84','4','96','识别码030','2025-04-09 18:22:43');
INSERT INTO outbound_records VALUES ('471','84','4','96','识别码029','2025-04-09 18:24:36');
INSERT INTO outbound_records VALUES ('472','83','4','330','识别码015','2025-04-09 18:36:36');
INSERT INTO outbound_records VALUES ('473','84','4','96','识别码028','2025-04-09 18:38:34');
INSERT INTO outbound_records VALUES ('474','84','4','75','识别码','2025-04-09 18:49:15');
INSERT INTO outbound_records VALUES ('475','83','4','330','识别码016','2025-04-09 18:50:38');
INSERT INTO outbound_records VALUES ('476','83','4','330','识别码037','2025-04-09 18:52:58');
INSERT INTO outbound_records VALUES ('477','83','4','330','识别码012','2025-04-09 19:01:49');
INSERT INTO outbound_records VALUES ('478','83','4','330','识别码013','2025-04-09 19:04:00');
INSERT INTO outbound_records VALUES ('479','83','4','330','识别码010','2025-04-09 19:16:22');
INSERT INTO outbound_records VALUES ('480','83','4','330','识别码011','2025-04-09 19:18:38');
INSERT INTO outbound_records VALUES ('481','85','4','1900','识别码','2025-04-10 07:56:49');
INSERT INTO outbound_records VALUES ('482','85','4','400','识别码','2025-04-10 08:20:47');
INSERT INTO outbound_records VALUES ('483','86','4','546','识别码060','2025-04-10 08:37:25');
INSERT INTO outbound_records VALUES ('484','86','4','546','识别码037','2025-04-10 08:39:58');
INSERT INTO outbound_records VALUES ('485','86','4','504','识别码003','2025-04-10 08:57:48');
INSERT INTO outbound_records VALUES ('486','86','4','504','识别码004','2025-04-10 09:01:09');
INSERT INTO outbound_records VALUES ('487','86','4','504','识别码','2025-04-10 09:10:28');
INSERT INTO outbound_records VALUES ('488','87','4','124','识别码','2025-04-10 10:03:04');
INSERT INTO outbound_records VALUES ('489','87','4','390','识别码003','2025-04-10 10:05:15');
INSERT INTO outbound_records VALUES ('490','87','4','390','识别码002','2025-04-10 10:18:02');
INSERT INTO outbound_records VALUES ('491','87','4','380','识别码001','2025-04-10 10:19:36');
INSERT INTO outbound_records VALUES ('492','87','4','360','识别码002','2025-04-10 10:37:59');
INSERT INTO outbound_records VALUES ('493','87','4','360','识别码001','2025-04-10 10:39:22');
INSERT INTO outbound_records VALUES ('494','88','4','360','识别码002','2025-04-10 11:44:12');
INSERT INTO outbound_records VALUES ('495','88','4','360','识别码003','2025-04-10 11:46:25');
INSERT INTO outbound_records VALUES ('496','89','4','214','识别码008','2025-04-10 11:58:26');
INSERT INTO outbound_records VALUES ('497','89','4','300','识别码006','2025-04-10 12:00:47');
INSERT INTO outbound_records VALUES ('498','89','4','300','识别码003','2025-04-10 12:17:48');
INSERT INTO outbound_records VALUES ('499','89','4','148','识别码','2025-04-10 12:24:21');
INSERT INTO outbound_records VALUES ('500','88','4','74','识别码','2025-04-10 12:40:56');
INSERT INTO outbound_records VALUES ('501','88','4','330','识别码026','2025-04-10 12:46:56');
INSERT INTO outbound_records VALUES ('502','88','4','330','识别码025','2025-04-10 12:54:00');
INSERT INTO outbound_records VALUES ('503','89','4','300','识别码004','2025-04-10 13:29:28');
INSERT INTO outbound_records VALUES ('504','89','4','300','识别码005','2025-04-10 13:32:35');
INSERT INTO outbound_records VALUES ('505','88','4','330','识别码029','2025-04-10 14:04:59');
INSERT INTO outbound_records VALUES ('506','88','4','330','识别码028','2025-04-10 14:10:09');
INSERT INTO outbound_records VALUES ('507','88','4','330','识别码030','2025-04-10 14:14:30');
INSERT INTO outbound_records VALUES ('508','90','4','250','识别码003','2025-04-10 14:45:22');
INSERT INTO outbound_records VALUES ('509','90','4','250','识别码005','2025-04-10 14:52:31');
INSERT INTO outbound_records VALUES ('510','90','4','250','识别码006','2025-04-10 14:53:55');
INSERT INTO outbound_records VALUES ('512','90','4','250','识别码004','2025-04-10 14:58:48');
INSERT INTO outbound_records VALUES ('513','90','4','250','识别码008','2025-04-10 15:01:15');
INSERT INTO outbound_records VALUES ('514','90','4','250','识别码007','2025-04-10 15:03:05');
INSERT INTO outbound_records VALUES ('515','90','4','250','识别码011','2025-04-10 15:17:57');
INSERT INTO outbound_records VALUES ('516','90','4','50','识别码','2025-04-10 15:25:57');
INSERT INTO outbound_records VALUES ('517','90','4','67','识别码','2025-04-10 15:31:31');
INSERT INTO outbound_records VALUES ('518','91','4','280','识别码006','2025-04-10 15:49:59');
INSERT INTO outbound_records VALUES ('519','91','4','280','识别码吴','2025-04-10 15:51:25');
INSERT INTO outbound_records VALUES ('520','91','4','280','识别码004','2025-04-10 15:52:08');
INSERT INTO outbound_records VALUES ('521','91','4','280','识别码005','2025-04-10 15:53:52');
INSERT INTO outbound_records VALUES ('522','91','4','312','识别码','2025-04-10 16:42:59');
INSERT INTO outbound_records VALUES ('523','91','4','42','识别码','2025-04-10 17:05:09');
INSERT INTO outbound_records VALUES ('524','92','4','330','识别码043','2025-04-10 17:42:02');
INSERT INTO outbound_records VALUES ('525','92','4','330','识别码044','2025-04-10 17:44:05');
INSERT INTO outbound_records VALUES ('526','93','4','288','识别码','2025-04-10 17:57:05');
INSERT INTO outbound_records VALUES ('527','93','4','546','识别码039','2025-04-10 17:59:11');
INSERT INTO outbound_records VALUES ('528','93','4','504','识别码013','2025-04-10 18:18:45');
INSERT INTO outbound_records VALUES ('529','93','4','504','识别码014','2025-04-10 18:20:23');
INSERT INTO outbound_records VALUES ('530','92','4','330','识别码033','2025-04-10 18:54:07');
INSERT INTO outbound_records VALUES ('531','92','4','330','识别码039','2025-04-10 18:55:27');
INSERT INTO outbound_records VALUES ('532','94','4','504','识别码014','2025-04-10 19:10:17');
INSERT INTO outbound_records VALUES ('533','93','4','504','识别码','2025-04-10 19:22:52');
INSERT INTO outbound_records VALUES ('534','95','4','2052','识别码','2025-04-10 19:33:14');
INSERT INTO outbound_records VALUES ('535','97','4','330','识别码024','2025-04-11 07:36:56');
INSERT INTO outbound_records VALUES ('536','97','4','330','识别码038','2025-04-11 07:55:39');
INSERT INTO outbound_records VALUES ('537','97','4','330','识别码037','2025-04-11 07:57:59');
INSERT INTO outbound_records VALUES ('538','97','4','330','识别码032','2025-04-11 08:18:37');
INSERT INTO outbound_records VALUES ('539','97','4','330','识别码034','2025-04-11 08:23:58');
INSERT INTO outbound_records VALUES ('540','98','4','3200','识别码','2025-04-11 08:34:04');
INSERT INTO outbound_records VALUES ('541','96','4','672','识别码025','2025-04-11 08:51:25');
INSERT INTO outbound_records VALUES ('542','96','4','672','识别码026','2025-04-11 08:51:37');
INSERT INTO outbound_records VALUES ('543','96','4','672','识别码024','2025-04-11 09:01:36');
INSERT INTO outbound_records VALUES ('544','96','4','672','识别码023','2025-04-11 09:01:51');
INSERT INTO outbound_records VALUES ('545','99','4','853','识别码001','2025-04-11 09:35:45');
INSERT INTO outbound_records VALUES ('546','96','4','672','识别码022','2025-04-11 09:57:20');
INSERT INTO outbound_records VALUES ('548','96','4','195','识别码033','2025-04-11 10:06:13');
INSERT INTO outbound_records VALUES ('549','96','4','672','识别码018','2025-04-11 10:14:20');
INSERT INTO outbound_records VALUES ('550','97','4','330','识别码018','2025-04-11 10:26:16');
INSERT INTO outbound_records VALUES ('551','100','4','1226','识别码','2025-04-11 10:46:32');
INSERT INTO outbound_records VALUES ('552','101','4','2131','识别码','2025-04-11 11:44:39');
INSERT INTO outbound_records VALUES ('553','101','4','2019','识别码','2025-04-11 11:54:35');
INSERT INTO outbound_records VALUES ('554','96','4','672','识别码029','2025-04-11 12:03:06');
INSERT INTO outbound_records VALUES ('555','100','4','2100','识别码001','2025-04-11 12:30:15');
INSERT INTO outbound_records VALUES ('556','96','4','313','识别码','2025-04-11 12:48:01');
INSERT INTO outbound_records VALUES ('557','101','4','154','识别码','2025-04-11 12:54:46');
INSERT INTO outbound_records VALUES ('558','102','4','649','识别码','2025-04-11 14:13:12');
INSERT INTO outbound_records VALUES ('559','102','4','672','识别码','2025-04-11 14:14:55');
INSERT INTO outbound_records VALUES ('561','102','4','223','识别码','2025-04-11 15:19:16');
INSERT INTO outbound_records VALUES ('562','102','4','672','识别码','2025-04-11 15:21:32');
INSERT INTO outbound_records VALUES ('563','102','4','131','识别码','2025-04-11 16:13:18');
INSERT INTO outbound_records VALUES ('564','102','4','209','识别码','2025-04-11 16:19:21');
INSERT INTO outbound_records VALUES ('565','102','4','118','识别码','2025-04-11 16:23:35');
INSERT INTO outbound_records VALUES ('566','102','4','728','识别码绿标','2025-04-11 16:34:48');
INSERT INTO outbound_records VALUES ('567','102','4','672','识别码','2025-04-11 16:36:42');
INSERT INTO outbound_records VALUES ('568','102','4','622','识别码','2025-04-11 16:50:05');
INSERT INTO outbound_records VALUES ('569','103','4','835','识别码003','2025-04-11 17:44:16');
INSERT INTO outbound_records VALUES ('570','103','4','882','识别码001','2025-04-11 17:45:56');
INSERT INTO outbound_records VALUES ('571','103','4','630','识别码','2025-04-11 18:05:32');
INSERT INTO outbound_records VALUES ('572','97','4','330','识别码017','2025-04-11 18:16:29');
INSERT INTO outbound_records VALUES ('573','97','4','330','识别码011','2025-04-11 18:18:37');
INSERT INTO outbound_records VALUES ('574','104','4','275','识别码008','2025-04-11 18:26:10');
INSERT INTO outbound_records VALUES ('575','104','4','275','识别码006','2025-04-11 18:29:07');
INSERT INTO outbound_records VALUES ('576','104','4','275','识别码004','2025-04-11 18:36:51');
INSERT INTO outbound_records VALUES ('577','104','4','255','045识别码','2025-04-11 18:39:23');
INSERT INTO outbound_records VALUES ('578','104','4','275','识别码042','2025-04-11 18:55:53');
INSERT INTO outbound_records VALUES ('579','104','4','275','识别码046','2025-04-11 19:03:49');
INSERT INTO outbound_records VALUES ('581','104','4','275','识别码043','2025-04-11 19:16:31');
INSERT INTO outbound_records VALUES ('582','104','4','275','识别码035','2025-04-11 19:18:09');
INSERT INTO outbound_records VALUES ('583','104','4','275','识别码036','2025-04-11 19:30:48');
INSERT INTO outbound_records VALUES ('585','104','4','275','识别码031','2025-04-11 19:42:19');
INSERT INTO outbound_records VALUES ('586','104','4','275','识别码033','2025-04-11 19:44:09');
INSERT INTO outbound_records VALUES ('587','105','4','330','识别码吴','2025-04-12 07:30:47');
INSERT INTO outbound_records VALUES ('588','105','4','330','识别码吴','2025-04-12 07:30:56');
INSERT INTO outbound_records VALUES ('589','105','4','275','识别码215','2025-04-12 07:54:53');
INSERT INTO outbound_records VALUES ('591','105','4','330','识别码003','2025-04-12 08:29:04');
INSERT INTO outbound_records VALUES ('592','106','4','275','识别码','2025-04-12 08:33:31');
INSERT INTO outbound_records VALUES ('593','106','4','71','识别码','2025-04-12 08:33:44');
INSERT INTO outbound_records VALUES ('594','107','4','504','识别码021','2025-04-12 08:53:22');
INSERT INTO outbound_records VALUES ('595','107','4','504','识别码022','2025-04-12 08:54:59');
INSERT INTO outbound_records VALUES ('596','106','4','250','识别码','2025-04-12 09:11:55');
INSERT INTO outbound_records VALUES ('597','106','4','45','识别码','2025-04-12 09:12:09');
INSERT INTO outbound_records VALUES ('598','106','4','270','识别码','2025-04-12 09:21:55');
INSERT INTO outbound_records VALUES ('599','108','4','360','识别码004','2025-04-12 09:31:09');
INSERT INTO outbound_records VALUES ('600','108','4','360','识别码005','2025-04-12 09:32:50');
INSERT INTO outbound_records VALUES ('601','108','4','360','识别码006','2025-04-12 09:50:39');
INSERT INTO outbound_records VALUES ('602','108','4','360','识别码003','2025-04-12 09:51:47');
INSERT INTO outbound_records VALUES ('603','108','4','360','识别码001','2025-04-12 10:02:57');
INSERT INTO outbound_records VALUES ('604','108','4','360','识别码002','2025-04-12 10:04:21');
INSERT INTO outbound_records VALUES ('605','107','4','504','识别码008','2025-04-12 10:16:33');
INSERT INTO outbound_records VALUES ('606','107','4','504','识别码007','2025-04-12 10:18:11');
INSERT INTO outbound_records VALUES ('607','107','4','546','识别码006','2025-04-12 10:30:51');
INSERT INTO outbound_records VALUES ('608','107','4','461','识别码','2025-04-12 10:43:56');
INSERT INTO outbound_records VALUES ('609','109','4','330','识别码021','2025-04-12 10:55:36');
INSERT INTO outbound_records VALUES ('610','109','4','330','识别码003','2025-04-12 11:42:31');
INSERT INTO outbound_records VALUES ('611','109','4','330','识别码009','2025-04-12 11:44:13');
INSERT INTO outbound_records VALUES ('612','109','4','330','识别码002','2025-04-12 11:52:03');
INSERT INTO outbound_records VALUES ('613','109','4','330','识别码008','2025-04-12 11:53:55');
INSERT INTO outbound_records VALUES ('614','109','4','330','识别码007','2025-04-12 12:03:21');
INSERT INTO outbound_records VALUES ('615','110','4','504','识别码016','2025-04-12 12:09:53');
INSERT INTO outbound_records VALUES ('616','110','4','504','识别码015','2025-04-12 12:11:26');
INSERT INTO outbound_records VALUES ('617','109','4','330','识别码030','2025-04-12 12:22:19');
INSERT INTO outbound_records VALUES ('618','109','4','330','识别码028','2025-04-12 12:24:29');
INSERT INTO outbound_records VALUES ('619','110','4','504','识别码014','2025-04-12 12:38:15');
INSERT INTO outbound_records VALUES ('620','109','4','330','识别码025','2025-04-12 12:46:04');
INSERT INTO outbound_records VALUES ('621','109','4','310','识别码','2025-04-12 12:49:26');
INSERT INTO outbound_records VALUES ('622','109','4','180','识别码','2025-04-12 13:13:53');
INSERT INTO outbound_records VALUES ('623','109','4','330','识别码031','2025-04-12 13:15:54');
INSERT INTO outbound_records VALUES ('624','111','4','462','识别码001','2025-04-12 14:01:36');
INSERT INTO outbound_records VALUES ('625','111','4','504','识别码010','2025-04-12 14:37:10');
INSERT INTO outbound_records VALUES ('626','111','4','504','识别码013','2025-04-12 14:38:44');
INSERT INTO outbound_records VALUES ('627','111','4','426','识别码016','2025-04-12 14:42:10');
INSERT INTO outbound_records VALUES ('628','112','4','330','识别码','2025-04-12 14:57:03');
INSERT INTO outbound_records VALUES ('629','112','4','330','识别码','2025-04-12 14:57:09');
INSERT INTO outbound_records VALUES ('630','112','4','330','识别码027','2025-04-12 14:57:18');
INSERT INTO outbound_records VALUES ('631','112','4','330','识别码026','2025-04-12 15:00:14');
INSERT INTO outbound_records VALUES ('632','111','4','498','识别码吴','2025-04-12 15:05:00');
INSERT INTO outbound_records VALUES ('633','112','4','330','识别码027','2025-04-12 15:06:47');
INSERT INTO outbound_records VALUES ('634','112','4','330','识别码024','2025-04-12 15:08:54');
INSERT INTO outbound_records VALUES ('635','110','4','504','识别码','2025-04-12 15:13:14');
INSERT INTO outbound_records VALUES ('636','112','4','330','识别码025','2025-04-12 15:19:23');
INSERT INTO outbound_records VALUES ('637','112','4','330','识别码015','2025-04-12 15:21:11');
INSERT INTO outbound_records VALUES ('638','112','4','330','识别码007','2025-04-12 15:32:05');
INSERT INTO outbound_records VALUES ('640','114','4','60','识别码','2025-04-12 15:51:56');
INSERT INTO outbound_records VALUES ('641','112','4','330','识别码013','2025-04-12 15:55:41');
INSERT INTO outbound_records VALUES ('642','112','4','330','识别码012','2025-04-12 15:57:29');
INSERT INTO outbound_records VALUES ('643','112','4','330','识别码011','2025-04-12 16:10:32');
INSERT INTO outbound_records VALUES ('644','112','4','330','识别码005','2025-04-12 16:14:03');
INSERT INTO outbound_records VALUES ('645','115','4','350','识别码003','2025-04-12 16:24:20');
INSERT INTO outbound_records VALUES ('646','115','4','350','识别码026','2025-04-12 16:27:11');
INSERT INTO outbound_records VALUES ('647','115','4','350','识别码020','2025-04-12 16:38:01');
INSERT INTO outbound_records VALUES ('648','112','4','330','识别码001','2025-04-12 16:40:15');
INSERT INTO outbound_records VALUES ('649','112','4','330','识别码003','2025-04-12 16:52:17');
INSERT INTO outbound_records VALUES ('650','112','4','330','识别码002','2025-04-12 16:53:59');
INSERT INTO outbound_records VALUES ('651','112','4','330','识别码004','2025-04-12 17:23:56');


CREATE TABLE `production_plans` (
  `id` int(11) NOT NULL AUTO_INCREMENT,
  `user_id` int(11) NOT NULL,
  `plan_name` varchar(100) COLLATE utf8mb4_unicode_ci NOT NULL,
  `product_code` varchar(50) COLLATE utf8mb4_unicode_ci NOT NULL,
  `planned_quantity` int(11) NOT NULL,
  `plan_date` date NOT NULL,
  `created_at` timestamp NOT NULL DEFAULT CURRENT_TIMESTAMP,
  PRIMARY KEY (`id`),
  KEY `user_id` (`user_id`),
  CONSTRAINT `production_plans_ibfk_1` FOREIGN KEY (`user_id`) REFERENCES `users` (`id`) ON DELETE CASCADE
) ENGINE=InnoDB AUTO_INCREMENT=116 DEFAULT CHARSET=utf8mb4 COLLATE=utf8mb4_unicode_ci;

INSERT INTO production_plans VALUES ('12','4','四线','1302130097','1205','2025-03-30','2025-03-30 07:47:11');
INSERT INTO production_plans VALUES ('13','4','四线','1204050020','3000','2025-03-30','2025-03-30 08:18:06');
INSERT INTO production_plans VALUES ('15','4','三线','1202120335','4343','2025-03-30','2025-03-30 08:33:08');
INSERT INTO production_plans VALUES ('16','4','四线','1204040233','2520','2025-03-30','2025-03-30 12:24:33');
INSERT INTO production_plans VALUES ('17','4','四线','1302130140','1045','2025-03-30','2025-03-30 14:50:06');
INSERT INTO production_plans VALUES ('18','4','三线','1202110050','7000','2025-03-30','2025-03-30 16:26:09');
INSERT INTO production_plans VALUES ('19','4','四线','1302130118','2100','2025-03-30','2025-03-30 17:11:11');
INSERT INTO production_plans VALUES ('20','4','四线','1302130097','6370','2025-03-31','2025-03-31 08:17:48');
INSERT INTO production_plans VALUES ('22','4','三线','1202110042','1320','2025-03-31','2025-03-31 08:20:39');
INSERT INTO production_plans VALUES ('23','4','三线','1202120361','14700','2025-03-31','2025-03-31 08:47:14');
INSERT INTO production_plans VALUES ('24','4','四线','1302130049','2196','2025-03-31','2025-03-31 14:35:25');
INSERT INTO production_plans VALUES ('25','4','三线','1202120360','10300','2025-03-31','2025-03-31 16:54:03');
INSERT INTO production_plans VALUES ('26','4','四线','1302130135','8300','2025-03-31','2025-03-31 18:02:07');
INSERT INTO production_plans VALUES ('27','4','四线','1302130135','4268','2025-04-01','2025-04-01 07:31:10');
INSERT INTO production_plans VALUES ('28','4','三线','1202120360','5377','2025-04-01','2025-04-01 07:31:32');
INSERT INTO production_plans VALUES ('29','4','三线','1202120361','4810','2025-04-01','2025-04-01 07:32:22');
INSERT INTO production_plans VALUES ('30','4','四线','1302130193','1400','2025-04-01','2025-04-01 10:19:26');
INSERT INTO production_plans VALUES ('31','4','四线','1302130156','2232','2025-04-01','2025-04-01 12:41:07');
INSERT INTO production_plans VALUES ('32','4','三线','1202110050','5528','2025-04-01','2025-04-01 16:09:46');
INSERT INTO production_plans VALUES ('33','4','四线','1302130097','4000','2025-04-01','2025-04-01 16:25:26');
INSERT INTO production_plans VALUES ('34','4','三线','1202120284','2091','2025-04-01','2025-04-01 16:50:33');
INSERT INTO production_plans VALUES ('35','4','四线','1302130129','900','2025-04-02','2025-04-02 07:29:12');
INSERT INTO production_plans VALUES ('36','4','三线','1202120476','3000','2025-04-02','2025-04-02 07:52:34');
INSERT INTO production_plans VALUES ('37','4','三线','1202110041','2560','2025-04-02','2025-04-02 08:03:34');
INSERT INTO production_plans VALUES ('38','4','三线','1202110042','2700','2025-04-02','2025-04-02 08:20:49');
INSERT INTO production_plans VALUES ('39','4','四线','1302130053','1203','2025-04-02','2025-04-02 08:54:43');
INSERT INTO production_plans VALUES ('40','4','三线','1202110156','535','2025-04-02','2025-04-02 09:34:12');
INSERT INTO production_plans VALUES ('41','4','四线','1302130156','2520','2025-04-02','2025-04-02 09:48:59');
INSERT INTO production_plans VALUES ('42','4','四线','1302130175','1300','2025-04-02','2025-04-02 12:43:21');
INSERT INTO production_plans VALUES ('43','4','4.2四线','1302130190','1800','2025-04-02','2025-04-02 13:05:49');
INSERT INTO production_plans VALUES ('44','4','4.2三线','1202120416','6300','2025-04-02','2025-04-02 14:21:44');
INSERT INTO production_plans VALUES ('45','4','4.2四线','1302130143','4032','2025-04-02','2025-04-02 15:41:25');
INSERT INTO production_plans VALUES ('46','4','4.2四线','1302130156','3000','2025-04-02','2025-04-02 18:27:50');
INSERT INTO production_plans VALUES ('47','4','四线','1202110042','4290','2025-04-06','2025-04-06 07:36:17');
INSERT INTO production_plans VALUES ('48','4','4.6四线','1202010103','1004','2025-04-06','2025-04-06 09:19:08');
INSERT INTO production_plans VALUES ('49','4','4.6三线','1302130170','4200','2025-04-06','2025-04-06 09:19:59');
INSERT INTO production_plans VALUES ('50','4','4.6四线','1302130156','8000','2025-04-06','2025-04-06 09:59:40');
INSERT INTO production_plans VALUES ('51','4','4.6三线','1202110169','2000','2025-04-06','2025-04-06 12:40:19');
INSERT INTO production_plans VALUES ('52','4','4.6四线','1204040047','4000','2025-04-06','2025-04-06 16:04:25');
INSERT INTO production_plans VALUES ('53','4','4.6三线','1202120360','3000','2025-04-06','2025-04-06 17:31:12');
INSERT INTO production_plans VALUES ('54','4','4.6四线','1302130168','3200','2025-04-06','2025-04-06 18:25:02');
INSERT INTO production_plans VALUES ('55','4','4月7日四线','1302130097','4032','2025-04-07','2025-04-07 07:40:31');
INSERT INTO production_plans VALUES ('56','4','4月7日三线','1202110156','3600','2025-04-07','2025-04-07 07:53:13');
INSERT INTO production_plans VALUES ('57','4','4月7日三线','1202120337','3000','2025-04-07','2025-04-07 09:43:23');
INSERT INTO production_plans VALUES ('58','4','4月7日四线','1302130170','3099','2025-04-07','2025-04-07 10:00:51');
INSERT INTO production_plans VALUES ('59','4','4月7日三线','1202120630','5068','2025-04-07','2025-04-07 12:14:00');
INSERT INTO production_plans VALUES ('60','4','4月7日四线','1302130191','3310','2025-04-07','2025-04-07 13:10:02');
INSERT INTO production_plans VALUES ('61','4','4月7日三线','1202120476','3500','2025-04-07','2025-04-07 13:25:03');
INSERT INTO production_plans VALUES ('62','4','4月7日三线','1202110041','3000','2025-04-07','2025-04-07 18:06:12');
INSERT INTO production_plans VALUES ('63','4','4月7日白班做夜班的排产','1204040241','2300','2025-04-07','2025-04-07 18:34:45');
INSERT INTO production_plans VALUES ('64','4','4月8日四线','1302130009','1800','2025-04-08','2025-04-08 07:28:02');
INSERT INTO production_plans VALUES ('65','4','4月8日三线','1202110169','4080','2025-04-08','2025-04-08 08:26:24');
INSERT INTO production_plans VALUES ('66','4','4月8日四线','1302130156','3411','2025-04-08','2025-04-08 08:55:13');
INSERT INTO production_plans VALUES ('67','4','4月8日三线','1202110042','2640','2025-04-08','2025-04-08 09:41:48');
INSERT INTO production_plans VALUES ('68','4','4月8日四线','1302130048','2600','2025-04-08','2025-04-08 11:55:51');
INSERT INTO production_plans VALUES ('69','4','4月8日四线','1302130049','469','2025-04-08','2025-04-08 14:40:39');
INSERT INTO production_plans VALUES ('70','4','4月8日四线做夜班的排产','1302130146','6911','2025-04-08','2025-04-08 16:22:57');
INSERT INTO production_plans VALUES ('71','4','4月8日三线做9号的排产','1202120396','6000','2025-04-08','2025-04-08 18:06:33');
INSERT INTO production_plans VALUES ('72','4','4月9日三线','1202120630','5194','2025-04-09','2025-04-09 07:41:57');
INSERT INTO production_plans VALUES ('73','4','4月9日四线','1302130170','880','2025-04-09','2025-04-09 07:56:51');
INSERT INTO production_plans VALUES ('74','4','4月9日三线','1202120396','3900','2025-04-09','2025-04-09 08:06:22');
INSERT INTO production_plans VALUES ('75','4','4月9日四线','1202030420','181','2025-04-09','2025-04-09 08:37:35');
INSERT INTO production_plans VALUES ('76','4','4月9日三线','1202120014','1300','2025-04-09','2025-04-09 09:57:16');
INSERT INTO production_plans VALUES ('77','4','4月9日四线','1302130081','451','2025-04-09','2025-04-09 10:16:02');
INSERT INTO production_plans VALUES ('78','4','4月9日四线','1302130104','2704','2025-04-09','2025-04-09 10:49:55');
INSERT INTO production_plans VALUES ('79','4','4月9日三线','1202110156','385','2025-04-09','2025-04-09 11:52:35');
INSERT INTO production_plans VALUES ('80','4','4月9日三线','1202120476','3156','2025-04-09','2025-04-09 12:01:36');
INSERT INTO production_plans VALUES ('81','4','4月9日三线','1202110126','2000','2025-04-09','2025-04-09 15:09:48');
INSERT INTO production_plans VALUES ('82','4','4月9日四线','1202010084','2250','2025-04-09','2025-04-09 16:07:23');
INSERT INTO production_plans VALUES ('83','4','4月9日做三线10号的排产','1202110081','7000','2025-04-09','2025-04-09 17:24:17');
INSERT INTO production_plans VALUES ('84','4','4月9日四线做夜班排产','1204050010','1800','2025-04-09','2025-04-09 17:53:43');
INSERT INTO production_plans VALUES ('85','4','4月10日三线','1202110050','2300','2025-04-10','2025-04-10 07:56:42');
INSERT INTO production_plans VALUES ('86','4','4月10日四线','1302130097','2604','2025-04-10','2025-04-10 08:37:14');
INSERT INTO production_plans VALUES ('87','4','4月10日四线','1302130180','2004','2025-04-10','2025-04-10 10:02:57');
INSERT INTO production_plans VALUES ('88','4','4月10日三线','1202110081','2444','2025-04-10','2025-04-10 11:31:40');
INSERT INTO production_plans VALUES ('89','4','4月10日四线','1302130139','1800','2025-04-10','2025-04-10 11:58:13');
INSERT INTO production_plans VALUES ('90','4','4月10日四线','1302130140','1867','2025-04-10','2025-04-10 14:43:52');
INSERT INTO production_plans VALUES ('91','4','4月10日四线','1302130170','2000','2025-04-10','2025-04-10 15:49:48');
INSERT INTO production_plans VALUES ('92','4','三线4月10日做11号的排产','1202110042','3900','2025-04-10','2025-04-10 17:41:26');
INSERT INTO production_plans VALUES ('93','4','4月10日四线做夜班的排产','1302130074','2346','2025-04-10','2025-04-10 17:56:53');
INSERT INTO production_plans VALUES ('94','4','4月10日四线做晚班排产','1302130097','9000','2025-04-10','2025-04-10 19:10:07');
INSERT INTO production_plans VALUES ('95','4','4月10日三线做11号排产','1202110141','2052','2025-04-10','2025-04-10 19:33:06');
INSERT INTO production_plans VALUES ('96','4','4月11日四线','1302130135','5212','2025-04-11','2025-04-11 07:29:46');
INSERT INTO production_plans VALUES ('97','4','4月11日三线','1202110042','2640','2025-04-11','2025-04-11 07:36:23');
INSERT INTO production_plans VALUES ('98','4','4月11日三线','1202110082','3200','2025-04-11','2025-04-11 08:33:58');
INSERT INTO production_plans VALUES ('99','4','4月11日三线','1202110076','853','2025-04-11','2025-04-11 09:35:34');
INSERT INTO production_plans VALUES ('100','4','4月11日三线','1202120396','3326','2025-04-11','2025-04-11 10:46:22');
INSERT INTO production_plans VALUES ('101','4','4月11日三线','1202120360','4400','2025-04-11','2025-04-11 11:41:34');
INSERT INTO production_plans VALUES ('102','4','4月11日四线','1302130148','4696','2025-04-11','2025-04-11 14:13:00');
INSERT INTO production_plans VALUES ('103','4','4月11日四线','1302130200','2347','2025-04-11','2025-04-11 17:43:58');
INSERT INTO production_plans VALUES ('104','4','4月11日三线','1202120361','3005','2025-04-11','2025-04-11 18:25:58');
INSERT INTO production_plans VALUES ('105','4','4月12日三线','1202120136','1265','2025-04-12','2025-04-12 07:30:35');
INSERT INTO production_plans VALUES ('106','4','4月12日三线','1202120335','911','2025-04-12','2025-04-12 08:33:20');
INSERT INTO production_plans VALUES ('107','4','4月12日四线156没有氧化的锅','1302130156','3023','2025-04-12','2025-04-12 08:53:12');
INSERT INTO production_plans VALUES ('108','4','4月12日三线','1202120139','2160','2025-04-12','2025-04-12 09:30:57');
INSERT INTO production_plans VALUES ('109','4','4月12日三线','1202110126','3790','2025-04-12','2025-04-12 10:55:26');
INSERT INTO production_plans VALUES ('110','4','4月12日四线已氧化156','已经氧化1302130156','2016','2025-04-12','2025-04-12 12:09:29');
INSERT INTO production_plans VALUES ('111','4','4月12日四线','1302130143','2394','2025-04-12','2025-04-12 14:00:57');
INSERT INTO production_plans VALUES ('112','4','4月12日三线做13号排产','1202110081','6000','2025-04-12','2025-04-12 14:56:52');
INSERT INTO production_plans VALUES ('114','4','4月12日二线','1202110076','60','2025-04-12','2025-04-12 15:51:45');
INSERT INTO production_plans VALUES ('115','4','4月12日四线','1202070089','4300','2025-04-12','2025-04-12 16:24:06');


CREATE TABLE `users` (
  `id` int(11) NOT NULL AUTO_INCREMENT,
  `username` varchar(50) COLLATE utf8mb4_unicode_ci NOT NULL,
  `password` varchar(255) COLLATE utf8mb4_unicode_ci NOT NULL,
  `role` varchar(20) COLLATE utf8mb4_unicode_ci NOT NULL DEFAULT 'user',
  `last_login` timestamp NULL DEFAULT NULL,
  `created_at` timestamp NOT NULL DEFAULT CURRENT_TIMESTAMP,
  PRIMARY KEY (`id`),
  UNIQUE KEY `username` (`username`)
) ENGINE=InnoDB AUTO_INCREMENT=11 DEFAULT CHARSET=utf8mb4 COLLATE=utf8mb4_unicode_ci;

INSERT INTO users VALUES ('1','admin','$2y$10$DVo3CFlg5qKpk6h1l6jzFe.zLxIASld7UhbTRaXS6OGAUQHsRpgZG','admin','2025-04-12 20:41:39','2025-03-29 22:21:38');
INSERT INTO users VALUES ('4','zhangdong','$2y$10$qHO/F1uc2KHqqw9Vl9UtpOKb5u2c/x6H2DJBy8HH1mXLubGrI/8.2','user','2025-04-12 20:41:09','2025-03-29 22:23:10');
INSERT INTO users VALUES ('6','ru','$2y$10$roQNFn..sD8I7CzaWxWBa.TZUIdb46TFAMeBpgjkabZFGTz86WF4m','storage','2025-04-12 20:39:57','2025-04-02 22:48:44');
INSERT INTO users VALUES ('7','lu','$2y$10$W8DZ8XbtLtSjUhN8zt4cieEU0Bx9qCGeGPv6dWsQg1iSWIOJ2qveW','storage','2025-04-07 06:35:01','2025-04-02 22:48:55');
INSERT INTO users VALUES ('8','zhang','$2y$10$Zpzyy7wW1JZLnSnrDF/FxOcvpMcnvDJAbZ5cLplosgmsPWlDKkDB6','user','2025-04-12 20:29:00','2025-04-12 20:28:37');
INSERT INTO users VALUES ('9','hr','$2y$10$OqFSrSurA2Oh3hanYLA1fegOokmUUo0qY1yp78Ach8vQmO6dedscS','storage','2025-04-12 20:33:20','2025-04-12 20:32:58');
INSERT INTO users VALUES ('10','ctx','$2y$10$JwRjCWigx19VX6GDgOgp/udG1GcNVHMhT4CypPvUuX2caowTFa1uO','storage','2025-04-12 20:39:06','2025-04-12 20:36:12');
